object_id,repository,family_views,family_unique_views,family_downloads,openalex_current_version_work_id,orcid_source_summaries
RS01,welcome-to-github,90,87,4,W7219674182,5
RS02,zero-entropy-lab,66,59,0,W7219850859,5
RS03,Axiom-0,85,81,0,W7219917759,5
RS04,reflective-continuum,44,43,0,W7219566156,5
RS05,agent-foundations,71,66,1,W7219738811,5
RS06,auto-doc-engine,52,50,0,W7219899314,5
RS07,epistemic-pipeline,64,63,0,W7219690058,5
RS08,sci-render-kit,57,57,1,W7219708281,5
RS09,china-agentic-observatory,81,77,0,W7219788805,5
RS10,agentic-frontier-observatory,85,81,1,W7219897209,5
