object_id,repository,previous_captured_at_utc,captured_at_utc,previous_views,views,delta_views,previous_unique_views,unique_views,delta_unique_views
RS01,welcome-to-github,2026-10-09T02:30:45.484001+00:00,2026-10-10T13:12:08+00:00,105,216,111,101,135,34
RS02,zero-entropy-lab,2026-10-09T02:30:59.610044+00:00,2026-10-10T13:12:34+00:00,81,187,106,74,104,30
RS03,Axiom-0,2026-10-09T02:31:09.879847+00:00,2026-10-10T13:13:56+00:00,98,205,107,93,123,30
RS04,reflective-continuum,2026-10-09T02:31:18.260949+00:00,2026-10-10T13:15:33+00:00,59,165,106,56,85,29
RS05,agent-foundations,2026-10-09T02:31:30.470331+00:00,2026-10-10T13:17:45+00:00,83,192,109,77,108,31
RS06,auto-doc-engine,2026-10-09T02:32:12.720483+00:00,2026-10-10T13:18:15+00:00,65,171,106,60,91,31
RS07,epistemic-pipeline,2026-10-09T02:32:22.400378+00:00,2026-10-10T13:18:56+00:00,80,85,5,78,82,4
RS08,sci-render-kit,2026-10-09T02:32:01.636710+00:00,2026-10-10T13:20:17+00:00,73,182,109,71,104,33
RS09,china-agentic-observatory,2026-10-09T02:31:40.336245+00:00,2026-10-10T13:21:16+00:00,96,200,104,91,119,28
RS10,agentic-frontier-observatory,2026-10-09T02:31:50.401124+00:00,2026-10-10T13:22:14+00:00,100,210,110,96,129,33
AUDIT,research-software-identity-audit,2026-10-09T02:32:50.809792+00:00,2026-10-10T13:22:47+00:00,48,51,3,46,49,3
