object_id,repository,corpus_role,conceptrecid,version_record_id,version_index,version_tag,version_views,version_unique_views,version_downloads,version_unique_downloads,attached_family_views,attached_family_unique_views,attached_family_downloads,attached_family_unique_downloads,source_record_api_url,extract_batch_start_utc,extract_batch_end_utc
RS01,welcome-to-github,fixed_corpus,22790907,22790908,0,v2026.09-open-research-baseline,177,98,2,2,225,144,5,4,https://zenodo.org/api/records/22790908,2026-10-10T16:27:51.602Z,2026-10-10T16:28:01.015Z
RS01,welcome-to-github,fixed_corpus,22790907,23068145,1,v2026.09-natural-month-close,29,28,2,1,225,144,5,4,https://zenodo.org/api/records/23068145,2026-10-10T16:27:51.602Z,2026-10-10T16:28:01.015Z
RS01,welcome-to-github,fixed_corpus,22790907,23137203,2,v2026.10-open-research-production-framework,19,18,1,1,225,144,5,4,https://zenodo.org/api/records/23137203,2026-10-10T16:27:51.602Z,2026-10-10T16:28:01.015Z
RS02,zero-entropy-lab,fixed_corpus,22791081,22791082,0,v2026.09-open-research-baseline,151,74,0,0,187,104,0,0,https://zenodo.org/api/records/22791082,2026-10-10T16:27:51.602Z,2026-10-10T16:28:01.015Z
RS02,zero-entropy-lab,fixed_corpus,22791081,23068144,1,v2026.09-natural-month-close,24,23,0,0,187,104,0,0,https://zenodo.org/api/records/23068144,2026-10-10T16:27:51.602Z,2026-10-10T16:28:01.015Z
RS02,zero-entropy-lab,fixed_corpus,22791081,23137204,2,v2026.10-open-research-production-framework,12,7,0,0,187,104,0,0,https://zenodo.org/api/records/23137204,2026-10-10T16:27:51.602Z,2026-10-10T16:28:01.015Z
RS03,Axiom-0,fixed_corpus,22791103,22791104,0,v2026.09-open-research-baseline,169,90,0,0,205,123,0,0,https://zenodo.org/api/records/22791104,2026-10-10T16:27:51.602Z,2026-10-10T16:28:01.015Z
RS03,Axiom-0,fixed_corpus,22791103,23068261,1,v2026.09-natural-month-close,31,28,0,0,205,123,0,0,https://zenodo.org/api/records/23068261,2026-10-10T16:27:51.602Z,2026-10-10T16:28:01.015Z
RS03,Axiom-0,fixed_corpus,22791103,23137205,2,v2026.10-open-research-production-framework,5,5,0,0,205,123,0,0,https://zenodo.org/api/records/23137205,2026-10-10T16:27:51.602Z,2026-10-10T16:28:01.015Z
RS04,reflective-continuum,fixed_corpus,22791141,22791142,0,v2026.09-open-research-baseline,145,66,0,0,165,85,0,0,https://zenodo.org/api/records/22791142,2026-10-10T16:27:51.602Z,2026-10-10T16:28:01.015Z
RS04,reflective-continuum,fixed_corpus,22791141,23068260,1,v2026.09-natural-month-close,14,14,0,0,165,85,0,0,https://zenodo.org/api/records/23068260,2026-10-10T16:27:51.602Z,2026-10-10T16:28:01.015Z
RS04,reflective-continuum,fixed_corpus,22791141,23137206,2,v2026.10-open-research-production-framework,6,5,0,0,165,85,0,0,https://zenodo.org/api/records/23137206,2026-10-10T16:27:51.602Z,2026-10-10T16:28:01.015Z
RS05,agent-foundations,fixed_corpus,22791169,22791170,0,v2026.09-open-research-baseline,145,66,0,0,192,108,1,1,https://zenodo.org/api/records/22791170,2026-10-10T16:27:51.602Z,2026-10-10T16:28:01.015Z
RS05,agent-foundations,fixed_corpus,22791169,23068262,1,v2026.09-natural-month-close,44,39,1,1,192,108,1,1,https://zenodo.org/api/records/23068262,2026-10-10T16:27:51.602Z,2026-10-10T16:28:01.015Z
RS05,agent-foundations,fixed_corpus,22791169,23137207,2,v2026.10-open-research-production-framework,3,3,0,0,192,108,1,1,https://zenodo.org/api/records/23137207,2026-10-10T16:27:51.602Z,2026-10-10T16:28:01.015Z
RS06,auto-doc-engine,fixed_corpus,22791404,22791405,0,v2026.09-open-research-baseline,142,64,0,0,171,91,0,0,https://zenodo.org/api/records/22791405,2026-10-10T16:27:51.602Z,2026-10-10T16:28:01.015Z
RS06,auto-doc-engine,fixed_corpus,22791404,23068471,1,v2026.09-natural-month-close,20,19,0,0,171,91,0,0,https://zenodo.org/api/records/23068471,2026-10-10T16:27:51.602Z,2026-10-10T16:28:01.015Z
RS06,auto-doc-engine,fixed_corpus,22791404,23137215,2,v2026.10-open-research-production-framework,9,8,0,0,171,91,0,0,https://zenodo.org/api/records/23137215,2026-10-10T16:28:01.015Z,2026-10-10T16:28:10.508Z
RS07,epistemic-pipeline,fixed_corpus,22791463,22791464,0,v2026.09-open-research-baseline,150,71,0,0,196,115,0,0,https://zenodo.org/api/records/22791464,2026-10-10T16:28:01.015Z,2026-10-10T16:28:10.508Z
RS07,epistemic-pipeline,fixed_corpus,22791463,23068494,1,v2026.09-natural-month-close,34,33,0,0,196,115,0,0,https://zenodo.org/api/records/23068494,2026-10-10T16:28:01.015Z,2026-10-10T16:28:10.508Z
RS07,epistemic-pipeline,fixed_corpus,22791463,23137216,2,v2026.10-open-research-production-framework,12,11,0,0,196,115,0,0,https://zenodo.org/api/records/23137216,2026-10-10T16:28:01.015Z,2026-10-10T16:28:10.508Z
RS08,sci-render-kit,fixed_corpus,22791375,22791376,0,v2026.09-open-research-baseline,154,77,0,0,182,104,1,1,https://zenodo.org/api/records/22791376,2026-10-10T16:28:01.015Z,2026-10-10T16:28:10.508Z
RS08,sci-render-kit,fixed_corpus,22791375,23068472,1,v2026.09-natural-month-close,21,21,1,1,182,104,1,1,https://zenodo.org/api/records/23068472,2026-10-10T16:28:01.015Z,2026-10-10T16:28:10.508Z
RS08,sci-render-kit,fixed_corpus,22791375,23137219,2,v2026.10-open-research-production-framework,7,6,0,0,182,104,1,1,https://zenodo.org/api/records/23137219,2026-10-10T16:28:01.015Z,2026-10-10T16:28:10.508Z
RS09,china-agentic-observatory,fixed_corpus,22791309,22791310,0,v2026.09-open-research-baseline,148,71,0,0,200,119,0,0,https://zenodo.org/api/records/22791310,2026-10-10T16:28:01.015Z,2026-10-10T16:28:10.508Z
RS09,china-agentic-observatory,fixed_corpus,22791309,23068347,1,v2026.09-natural-month-close,33,30,0,0,200,119,0,0,https://zenodo.org/api/records/23068347,2026-10-10T16:28:01.015Z,2026-10-10T16:28:10.508Z
RS09,china-agentic-observatory,fixed_corpus,22791309,23137211,2,v2026.10-open-research-production-framework,19,18,0,0,200,119,0,0,https://zenodo.org/api/records/23137211,2026-10-10T16:28:01.015Z,2026-10-10T16:28:10.508Z
RS10,agentic-frontier-observatory,fixed_corpus,22791334,22791335,0,v2026.09-open-research-baseline,154,76,0,0,210,129,1,1,https://zenodo.org/api/records/22791335,2026-10-10T16:28:01.015Z,2026-10-10T16:28:10.508Z
RS10,agentic-frontier-observatory,fixed_corpus,22791334,23068352,1,v2026.09-natural-month-close,37,34,1,1,210,129,1,1,https://zenodo.org/api/records/23068352,2026-10-10T16:28:01.015Z,2026-10-10T16:28:10.508Z
RS10,agentic-frontier-observatory,fixed_corpus,22791334,23137214,2,v2026.10-open-research-production-framework,19,19,0,0,210,129,1,1,https://zenodo.org/api/records/23137214,2026-10-10T16:28:01.015Z,2026-10-10T16:28:10.508Z
AUDIT,research-software-identity-audit,audit_runtime_supplement,23166490,23166491,0,beta,21,20,0,0,74,71,3,3,https://zenodo.org/api/records/23166491,2026-10-10T16:28:01.015Z,2026-10-10T16:28:10.508Z
AUDIT,research-software-identity-audit,audit_runtime_supplement,23166490,23176748,1,v2026.10-initial-research-runtime,53,51,3,3,74,71,3,3,https://zenodo.org/api/records/23176748,2026-10-10T16:28:01.015Z,2026-10-10T16:28:10.508Z
AUDIT,research-software-identity-audit,audit_runtime_supplement,23166490,23284570,2,v2026.10-evidence-reconciliation,0,0,0,0,74,71,3,3,https://zenodo.org/api/records/23284570,2026-10-10T16:28:01.015Z,2026-10-10T16:28:10.508Z
