object_id,repository,corpus_role,conceptrecid,version_index,version_record_id,version_views,version_unique_views,version_downloads,reported_family_views,reported_family_unique_views,extract_batch_started_utc,extract_batch_finished_utc,record_api_url
RS01,welcome-to-github,fixed_corpus,22790907,0,22790908,174,95,2,216,135,2026-10-10T14:22:01.614Z,2026-10-10T14:22:19.036Z,https://zenodo.org/api/records/22790908
RS01,welcome-to-github,fixed_corpus,22790907,1,23068145,29,28,2,216,135,2026-10-10T14:22:01.614Z,2026-10-10T14:22:19.036Z,https://zenodo.org/api/records/23068145
RS01,welcome-to-github,fixed_corpus,22790907,2,23137203,13,12,0,216,135,2026-10-10T14:22:01.614Z,2026-10-10T14:22:19.036Z,https://zenodo.org/api/records/23137203
RS02,zero-entropy-lab,fixed_corpus,22791081,0,22791082,151,74,0,187,104,2026-10-10T14:22:01.614Z,2026-10-10T14:22:19.036Z,https://zenodo.org/api/records/22791082
RS02,zero-entropy-lab,fixed_corpus,22791081,1,23068144,24,23,0,187,104,2026-10-10T14:22:01.614Z,2026-10-10T14:22:19.036Z,https://zenodo.org/api/records/23068144
RS02,zero-entropy-lab,fixed_corpus,22791081,2,23137204,12,7,0,187,104,2026-10-10T14:22:01.614Z,2026-10-10T14:22:19.036Z,https://zenodo.org/api/records/23137204
RS03,Axiom-0,fixed_corpus,22791103,0,22791104,169,90,0,205,123,2026-10-10T14:22:01.614Z,2026-10-10T14:22:19.036Z,https://zenodo.org/api/records/22791104
RS03,Axiom-0,fixed_corpus,22791103,1,23068261,31,28,0,205,123,2026-10-10T14:22:01.614Z,2026-10-10T14:22:19.036Z,https://zenodo.org/api/records/23068261
RS03,Axiom-0,fixed_corpus,22791103,2,23137205,5,5,0,205,123,2026-10-10T14:22:01.614Z,2026-10-10T14:22:19.036Z,https://zenodo.org/api/records/23137205
RS04,reflective-continuum,fixed_corpus,22791141,0,22791142,145,66,0,165,85,2026-10-10T14:22:01.614Z,2026-10-10T14:22:19.036Z,https://zenodo.org/api/records/22791142
RS04,reflective-continuum,fixed_corpus,22791141,1,23068260,14,14,0,165,85,2026-10-10T14:22:01.614Z,2026-10-10T14:22:19.036Z,https://zenodo.org/api/records/23068260
RS04,reflective-continuum,fixed_corpus,22791141,2,23137206,6,5,0,165,85,2026-10-10T14:22:01.614Z,2026-10-10T14:22:19.036Z,https://zenodo.org/api/records/23137206
RS05,agent-foundations,fixed_corpus,22791169,0,22791170,145,66,0,192,108,2026-10-10T14:22:01.614Z,2026-10-10T14:22:19.036Z,https://zenodo.org/api/records/22791170
RS05,agent-foundations,fixed_corpus,22791169,1,23068262,44,39,1,192,108,2026-10-10T14:22:01.614Z,2026-10-10T14:22:19.036Z,https://zenodo.org/api/records/23068262
RS05,agent-foundations,fixed_corpus,22791169,2,23137207,3,3,0,192,108,2026-10-10T14:22:01.614Z,2026-10-10T14:22:19.036Z,https://zenodo.org/api/records/23137207
RS06,auto-doc-engine,fixed_corpus,22791404,0,22791405,142,64,0,171,91,2026-10-10T14:22:01.614Z,2026-10-10T14:22:19.036Z,https://zenodo.org/api/records/22791405
RS06,auto-doc-engine,fixed_corpus,22791404,1,23068471,20,19,0,171,91,2026-10-10T14:22:19.036Z,2026-10-10T14:22:47.161Z,https://zenodo.org/api/records/23068471
RS06,auto-doc-engine,fixed_corpus,22791404,2,23137215,9,8,0,171,91,2026-10-10T14:22:19.036Z,2026-10-10T14:22:47.161Z,https://zenodo.org/api/records/23137215
RS07,epistemic-pipeline,fixed_corpus,22791463,0,22791464,45,43,0,85,82,2026-10-10T14:22:19.036Z,2026-10-10T14:22:47.161Z,https://zenodo.org/api/records/22791464
RS07,epistemic-pipeline,fixed_corpus,22791463,1,23068494,33,32,0,186,106,2026-10-10T14:22:19.036Z,2026-10-10T14:22:47.161Z,https://zenodo.org/api/records/23068494
RS07,epistemic-pipeline,fixed_corpus,22791463,2,23137216,7,7,0,85,82,2026-10-10T14:22:19.036Z,2026-10-10T14:22:47.161Z,https://zenodo.org/api/records/23137216
RS08,sci-render-kit,fixed_corpus,22791375,0,22791376,154,77,0,182,104,2026-10-10T14:22:19.036Z,2026-10-10T14:22:47.161Z,https://zenodo.org/api/records/22791376
RS08,sci-render-kit,fixed_corpus,22791375,1,23068472,21,21,1,182,104,2026-10-10T14:22:19.036Z,2026-10-10T14:22:47.161Z,https://zenodo.org/api/records/23068472
RS08,sci-render-kit,fixed_corpus,22791375,2,23137219,7,6,0,182,104,2026-10-10T14:22:19.036Z,2026-10-10T14:22:47.161Z,https://zenodo.org/api/records/23137219
RS09,china-agentic-observatory,fixed_corpus,22791309,0,22791310,148,71,0,200,119,2026-10-10T14:22:19.036Z,2026-10-10T14:22:47.161Z,https://zenodo.org/api/records/22791310
RS09,china-agentic-observatory,fixed_corpus,22791309,1,23068347,33,30,0,200,119,2026-10-10T14:22:19.036Z,2026-10-10T14:22:47.161Z,https://zenodo.org/api/records/23068347
RS09,china-agentic-observatory,fixed_corpus,22791309,2,23137211,19,18,0,200,119,2026-10-10T14:22:19.036Z,2026-10-10T14:22:47.161Z,https://zenodo.org/api/records/23137211
RS10,agentic-frontier-observatory,fixed_corpus,22791334,0,22791335,154,76,0,210,129,2026-10-10T14:22:19.036Z,2026-10-10T14:22:47.161Z,https://zenodo.org/api/records/22791335
RS10,agentic-frontier-observatory,fixed_corpus,22791334,1,23068352,37,34,1,210,129,2026-10-10T14:22:19.036Z,2026-10-10T14:22:47.161Z,https://zenodo.org/api/records/23068352
RS10,agentic-frontier-observatory,fixed_corpus,22791334,2,23137214,19,19,0,210,129,2026-10-10T14:22:19.036Z,2026-10-10T14:22:47.161Z,https://zenodo.org/api/records/23137214
AUDIT,research-software-identity-audit,audit_runtime_supplement,23166490,0,23166491,19,18,0,51,49,2026-10-10T14:22:19.036Z,2026-10-10T14:22:47.161Z,https://zenodo.org/api/records/23166491
AUDIT,research-software-identity-audit,audit_runtime_supplement,23166490,1,23176748,32,31,0,51,49,2026-10-10T14:22:19.036Z,2026-10-10T14:22:47.161Z,https://zenodo.org/api/records/23176748
