object_id,repository,corpus_role,record_id,concept_doi,version_doi,views,unique_views,downloads,unique_downloads,version_views,version_unique_views,version_downloads,version_unique_downloads,captured_at_utc,raw_archive_member
RS01,welcome-to-github,fixed_corpus,23137203,,10.5281/zenodo.23137203,216,135,4,3,13,12,0,0,2026-10-10T13:12:08+00:00,facility/RS01_zenodo.json
RS02,zero-entropy-lab,fixed_corpus,23137204,,10.5281/zenodo.23137204,187,104,0,0,12,7,0,0,2026-10-10T13:12:34+00:00,facility/RS02_zenodo.json
RS03,Axiom-0,fixed_corpus,23137205,,10.5281/zenodo.23137205,205,123,0,0,5,5,0,0,2026-10-10T13:13:56+00:00,facility/RS03_zenodo.json
RS04,reflective-continuum,fixed_corpus,23137206,,10.5281/zenodo.23137206,165,85,0,0,6,5,0,0,2026-10-10T13:15:33+00:00,facility/RS04_zenodo.json
RS05,agent-foundations,fixed_corpus,23137207,,10.5281/zenodo.23137207,192,108,1,1,3,3,0,0,2026-10-10T13:17:45+00:00,facility/RS05_zenodo.json
RS06,auto-doc-engine,fixed_corpus,23137215,,10.5281/zenodo.23137215,171,91,0,0,9,8,0,0,2026-10-10T13:18:15+00:00,facility/RS06_zenodo.json
RS07,epistemic-pipeline,fixed_corpus,23137216,,10.5281/zenodo.23137216,85,82,0,0,7,7,0,0,2026-10-10T13:18:56+00:00,facility/RS07_zenodo.json
RS08,sci-render-kit,fixed_corpus,23137219,,10.5281/zenodo.23137219,182,104,1,1,7,6,0,0,2026-10-10T13:20:17+00:00,facility/RS08_zenodo.json
RS09,china-agentic-observatory,fixed_corpus,23137211,,10.5281/zenodo.23137211,200,119,0,0,19,18,0,0,2026-10-10T13:21:16+00:00,facility/RS09_zenodo.json
RS10,agentic-frontier-observatory,fixed_corpus,23137214,,10.5281/zenodo.23137214,210,129,1,1,19,19,0,0,2026-10-10T13:22:14+00:00,facility/RS10_zenodo.json
AUDIT,research-software-identity-audit,audit_runtime_supplement,23176748,,10.5281/zenodo.23176748,51,49,0,0,32,31,0,0,2026-10-10T13:22:47+00:00,facility/AUDIT_zenodo.json
