object_id,version,expected_doi,doi,state,type,matched
RS01,concept,10.5281/zenodo.22790907,10.5281/zenodo.22790907,findable,Software,True
RS01,v1,10.5281/zenodo.22790908,10.5281/zenodo.22790908,findable,Software,True
RS01,v2,10.5281/zenodo.23068145,10.5281/zenodo.23068145,findable,Software,True
RS01,v3,10.5281/zenodo.23137203,10.5281/zenodo.23137203,findable,Software,True
RS02,concept,10.5281/zenodo.22791081,10.5281/zenodo.22791081,findable,Software,True
RS02,v1,10.5281/zenodo.22791082,10.5281/zenodo.22791082,findable,Software,True
RS02,v2,10.5281/zenodo.23068144,10.5281/zenodo.23068144,findable,Software,True
RS02,v3,10.5281/zenodo.23137204,10.5281/zenodo.23137204,findable,Software,True
RS03,concept,10.5281/zenodo.22791103,10.5281/zenodo.22791103,findable,Software,True
RS03,v1,10.5281/zenodo.22791104,10.5281/zenodo.22791104,findable,Software,True
RS03,v2,10.5281/zenodo.23068261,10.5281/zenodo.23068261,findable,Software,True
RS03,v3,10.5281/zenodo.23137205,10.5281/zenodo.23137205,findable,Software,True
RS04,concept,10.5281/zenodo.22791141,10.5281/zenodo.22791141,findable,Software,True
RS04,v1,10.5281/zenodo.22791142,10.5281/zenodo.22791142,findable,Software,True
RS04,v2,10.5281/zenodo.23068260,10.5281/zenodo.23068260,findable,Software,True
RS04,v3,10.5281/zenodo.23137206,10.5281/zenodo.23137206,findable,Software,True
RS05,concept,10.5281/zenodo.22791169,10.5281/zenodo.22791169,findable,Software,True
RS05,v1,10.5281/zenodo.22791170,10.5281/zenodo.22791170,findable,Software,True
RS05,v2,10.5281/zenodo.23068262,10.5281/zenodo.23068262,findable,Software,True
RS05,v3,10.5281/zenodo.23137207,10.5281/zenodo.23137207,findable,Software,True
RS09,concept,10.5281/zenodo.22791309,10.5281/zenodo.22791309,findable,Software,True
RS09,v1,10.5281/zenodo.22791310,10.5281/zenodo.22791310,findable,Software,True
RS09,v2,10.5281/zenodo.23068347,10.5281/zenodo.23068347,findable,Software,True
RS09,v3,10.5281/zenodo.23137211,10.5281/zenodo.23137211,findable,Software,True
RS10,concept,10.5281/zenodo.22791334,10.5281/zenodo.22791334,findable,Software,True
RS10,v1,10.5281/zenodo.22791335,10.5281/zenodo.22791335,findable,Software,True
RS10,v2,10.5281/zenodo.23068352,10.5281/zenodo.23068352,findable,Software,True
RS10,v3,10.5281/zenodo.23137214,10.5281/zenodo.23137214,findable,Software,True
RS08,concept,10.5281/zenodo.22791375,10.5281/zenodo.22791375,findable,Software,True
RS08,v1,10.5281/zenodo.22791376,10.5281/zenodo.22791376,findable,Software,True
RS08,v2,10.5281/zenodo.23068472,10.5281/zenodo.23068472,findable,Software,True
RS08,v3,10.5281/zenodo.23137219,10.5281/zenodo.23137219,findable,Software,True
RS06,concept,10.5281/zenodo.22791404,10.5281/zenodo.22791404,findable,Software,True
RS06,v1,10.5281/zenodo.22791405,10.5281/zenodo.22791405,findable,Software,True
RS06,v2,10.5281/zenodo.23068471,10.5281/zenodo.23068471,findable,Software,True
RS06,v3,10.5281/zenodo.23137215,10.5281/zenodo.23137215,findable,Software,True
RS07,concept,10.5281/zenodo.22791463,10.5281/zenodo.22791463,findable,Software,True
RS07,v1,10.5281/zenodo.22791464,10.5281/zenodo.22791464,findable,Software,True
RS07,v2,10.5281/zenodo.23068494,10.5281/zenodo.23068494,findable,Software,True
RS07,v3,10.5281/zenodo.23137216,10.5281/zenodo.23137216,findable,Software,True
