object_id,repository,previous_captured_at_utc,captured_at_utc,previous_views,views,delta_views,previous_unique_views,unique_views,delta_unique_views
RS01,welcome-to-github,2026-10-08T00:12:59.490555+00:00,2026-10-09T02:30:45.484001+00:00,98,105,7,94,101,7
RS02,zero-entropy-lab,2026-10-08T00:13:03.610462+00:00,2026-10-09T02:30:59.610044+00:00,75,81,6,68,74,6
RS03,Axiom-0,2026-10-08T00:13:06.555788+00:00,2026-10-09T02:31:09.879847+00:00,93,98,5,88,93,5
RS04,reflective-continuum,2026-10-08T00:13:09.674376+00:00,2026-10-09T02:31:18.260949+00:00,52,59,7,49,56,7
RS05,agent-foundations,2026-10-08T00:13:12.990423+00:00,2026-10-09T02:31:30.470331+00:00,78,83,5,72,77,5
RS06,auto-doc-engine,2026-10-08T00:13:33.813132+00:00,2026-10-09T02:32:12.720483+00:00,59,65,6,55,60,5
RS07,epistemic-pipeline,2026-10-08T00:13:36.657929+00:00,2026-10-09T02:32:22.400378+00:00,74,80,6,72,78,6
RS08,sci-render-kit,2026-10-08T00:13:30.043593+00:00,2026-10-09T02:32:01.636710+00:00,65,73,8,63,71,8
RS09,china-agentic-observatory,2026-10-08T00:13:18.917809+00:00,2026-10-09T02:31:40.336245+00:00,88,96,8,83,91,8
RS10,agentic-frontier-observatory,2026-10-08T00:13:24.522577+00:00,2026-10-09T02:31:50.401124+00:00,93,100,7,89,96,7
