object_id,repository,concept_doi,initial_version_doi,version_doi_2026_09_30,latest_version_doi_2026_10_04
RS01,welcome-to-github,10.5281/zenodo.22790907,10.5281/zenodo.22790908,10.5281/zenodo.23068145,10.5281/zenodo.23137203
RS02,zero-entropy-lab,10.5281/zenodo.22791081,10.5281/zenodo.22791082,10.5281/zenodo.23068144,10.5281/zenodo.23137204
RS03,Axiom-0,10.5281/zenodo.22791103,10.5281/zenodo.22791104,10.5281/zenodo.23068261,10.5281/zenodo.23137205
RS04,reflective-continuum,10.5281/zenodo.22791141,10.5281/zenodo.22791142,10.5281/zenodo.23068260,10.5281/zenodo.23137206
RS05,agent-foundations,10.5281/zenodo.22791169,10.5281/zenodo.22791170,10.5281/zenodo.23068262,10.5281/zenodo.23137207
RS06,auto-doc-engine,10.5281/zenodo.22791404,10.5281/zenodo.22791405,10.5281/zenodo.23068471,10.5281/zenodo.23137215
RS07,epistemic-pipeline,10.5281/zenodo.22791463,10.5281/zenodo.22791464,10.5281/zenodo.23068494,10.5281/zenodo.23137216
RS08,sci-render-kit,10.5281/zenodo.22791375,10.5281/zenodo.22791376,10.5281/zenodo.23068472,10.5281/zenodo.23137219
RS09,china-agentic-observatory,10.5281/zenodo.22791309,10.5281/zenodo.22791310,10.5281/zenodo.23068347,10.5281/zenodo.23137211
RS10,agentic-frontier-observatory,10.5281/zenodo.22791334,10.5281/zenodo.22791335,10.5281/zenodo.23068352,10.5281/zenodo.23137214
