openalex_work_id,doi,display_name,work_type,publication_date,work_updated_date,research_class,review_window_start_utc,review_window_end_utc,source_locator
"https://openalex.org/W7220365356","https://doi.org/10.5281/zenodo.23166490","Research Software Identity Audit","software","2026-10-05","2026-10-09T09:14:12.587421","control_repository_concept","2026-10-10T15:34:31.408Z","2026-10-10T15:34:52.266Z","https://api.openalex.org/works/W7220365356"
"https://openalex.org/W7213395896","https://doi.org/10.5281/zenodo.22791103","Axiom-0","software","2026-09-16","2026-10-09T09:14:12.587421","fixed_corpus_concept","2026-10-10T15:34:31.408Z","2026-10-10T15:34:52.266Z","https://api.openalex.org/works/W7213395896"
"https://openalex.org/W7213400679","https://doi.org/10.5281/zenodo.22791169","Agent Foundations","software","2026-09-16","2026-10-09T09:14:12.587421","fixed_corpus_concept","2026-10-10T15:34:31.408Z","2026-10-10T15:34:52.266Z","https://api.openalex.org/works/W7213400679"
"https://openalex.org/W7213401383","https://doi.org/10.5281/zenodo.22791309","China Agentic Observatory","software","2026-09-16","2026-10-09T09:14:12.587421","fixed_corpus_concept","2026-10-10T15:34:31.408Z","2026-10-10T15:34:52.266Z","https://api.openalex.org/works/W7213401383"
"https://openalex.org/W7213415068","https://doi.org/10.5281/zenodo.22791404","auto-doc-engine","software","2026-09-16","2026-10-09T09:14:12.587421","fixed_corpus_concept","2026-10-10T15:34:31.408Z","2026-10-10T15:34:52.266Z","https://api.openalex.org/works/W7213415068"
"https://openalex.org/W7213417036","https://doi.org/10.5281/zenodo.22791141","Reflective Continuum","software","2026-09-16","2026-10-09T09:14:12.587421","fixed_corpus_concept","2026-10-10T15:34:31.408Z","2026-10-10T15:34:52.266Z","https://api.openalex.org/works/W7213417036"
"https://openalex.org/W7213429607","https://doi.org/10.5281/zenodo.22791081","Zero-Entropy Lab","software","2026-09-16","2026-10-09T09:14:12.587421","fixed_corpus_concept","2026-10-10T15:34:31.408Z","2026-10-10T15:34:52.266Z","https://api.openalex.org/works/W7213429607"
"https://openalex.org/W7213430624","https://doi.org/10.5281/zenodo.22790907","welcome-to-github","software","2026-09-16","2026-10-09T09:14:12.587421","fixed_corpus_concept","2026-10-10T15:34:31.408Z","2026-10-10T15:34:52.266Z","https://api.openalex.org/works/W7213430624"
"https://openalex.org/W7213431981","https://doi.org/10.5281/zenodo.22791375","sci-render-kit","software","2026-09-16","2026-10-09T09:14:12.587421","fixed_corpus_concept","2026-10-10T15:34:31.408Z","2026-10-10T15:34:52.266Z","https://api.openalex.org/works/W7213431981"
"https://openalex.org/W7213433288","https://doi.org/10.5281/zenodo.22791334","Agentic Frontier Observatory","software","2026-09-16","2026-10-09T09:14:12.587421","fixed_corpus_concept","2026-10-10T15:34:31.408Z","2026-10-10T15:34:52.266Z","https://api.openalex.org/works/W7213433288"
"https://openalex.org/W7213434988","https://doi.org/10.5281/zenodo.22791463","Epistemic Pipeline","software","2026-09-16","2026-10-09T09:14:12.587421","fixed_corpus_concept","2026-10-10T15:34:31.408Z","2026-10-10T15:34:52.266Z","https://api.openalex.org/works/W7213434988"
"https://openalex.org/W7220380722","https://doi.org/10.17605/osf.io/5b329","Longitudinal Audit of Research Software Identity Propagation Across Open Scholarly Infrastructures","other","2026-10-05","2026-10-09T09:14:12.587421","osf_registration","2026-10-10T15:34:31.408Z","2026-10-10T15:34:52.266Z","https://api.openalex.org/works/W7220380722"
"https://openalex.org/W7220948089","https://doi.org/10.48546/workflowhub.workflow.2334.1","Title NEXUS CORTEX Life Cycle — zero-entropy-lab","other","2026-10-07","2026-10-10T09:11:00.788812","supplementary_workflowhub_version","2026-10-10T15:34:31.408Z","2026-10-10T15:34:52.266Z","https://api.openalex.org/works/W7220948089"
"https://openalex.org/W7220962531","https://doi.org/10.48546/workflowhub.workflow.2332.2","Title NEXUS CORTEX Life Cycle — welcome-to-github","other","2026-10-07","2026-10-10T09:11:00.788812","supplementary_workflowhub_version","2026-10-10T15:34:31.408Z","2026-10-10T15:34:52.266Z","https://api.openalex.org/works/W7220962531"
"https://openalex.org/W7220966944","https://doi.org/10.48546/workflowhub.workflow.2334.2","NEXUS CORTEX Life Cycle — zero-entropy-lab","other","2026-10-07","2026-10-09T09:14:12.587421","supplementary_workflowhub_version","2026-10-10T15:34:31.408Z","2026-10-10T15:34:52.266Z","https://api.openalex.org/works/W7220966944"
"https://openalex.org/W7220969795","https://doi.org/10.48546/workflowhub.workflow.2332.1","NEXUS CORTEX Life Cycle — welcome-to-github","other","2026-10-07","2026-10-10T09:11:00.788812","supplementary_workflowhub_version","2026-10-10T15:34:31.408Z","2026-10-10T15:34:52.266Z","https://api.openalex.org/works/W7220969795"
"https://openalex.org/W7221127912","https://doi.org/10.48546/workflowhub.workflow.2334.3","NEXUS CORTEX Life Cycle — zero-entropy-lab","other","2026-10-09","2026-10-10T09:11:00.788812","supplementary_workflowhub_version","2026-10-10T15:34:31.408Z","2026-10-10T15:34:52.266Z","https://api.openalex.org/works/W7221127912"
"https://openalex.org/W7221188636","https://doi.org/10.48546/workflowhub.workflow.2332.3","NEXUS CORTEX Life Cycle — welcome-to-github","other","2026-10-09","2026-10-10T09:11:00.788812","supplementary_workflowhub_version","2026-10-10T15:34:31.408Z","2026-10-10T15:34:52.266Z","https://api.openalex.org/works/W7221188636"
